"ID_sample","Altitude","Plot","Betula pendula","Betula pubescens","Sorbus aucuparia","Corylus avellana","Picea abies","Fraxinus excelsior","Alnus glutinosa","Alnus incana","Pinus sylvestris","Salix sp.","Fagus sylvatica","Rhamnus cathartica","Pinus sp.","Acer sp.","Quercus sp.","Abies alba","Aesculus hippocastanum","Carpinus betulus","Pinaceae sp.","Pinus nigra","Quercus rotundifolia","Sorbus domestica","Quercus faginea","Populus tremula","Larix decidua","Pinus cembra"
"KEL1A",,"A",0,0,0,0,0,0,0,0,0,0,0,0,0,0,0,0,0,0,0,0,0,0,0,0,0,0
"KEL1B",1750,"B",0,0,0,0,0,0,0,0,0,0,0,0,0,0,0,0,0,0,0,0,0,0,0,0,0,0
"KEL1C",1788,"C",0,0,0,0,0,0,0,0,0,0,0,0,0,0,0,0,0,0,0,0,0,0,0,0,0,0
"KEL2A",,"A",0,0,0,0,0,0,0,0,0,0,100,0,0,0,0,0,0,0,0,0,0,0,0,0,0,0
"KEL2B",1400,"B",0,0,0,0,0,0,0,0,0,0,95,5,0,0,0,0,0,0,0,0,0,0,0,0,0,0
"KEL2C",1344,"C",0,0,0,0,10,0,0,0,0,0,90,0,0,0,0,0,0,0,0,0,0,0,0,0,0,0
"KEL3A",,"A",0,0,0,0,0,0,0,0,0,0,100,0,0,0,0,0,0,0,0,0,0,0,0,0,0,0
"KEL3B",1160,"B",0,0,0,0,0,0,0,0,0,0,100,0,0,0,0,0,0,0,0,0,0,0,0,0,0,0
"KEL3C",1116,"C",0,0,0,0,10,0,0,0,0,0,90,0,0,0,0,0,0,0,0,0,0,0,0,0,0,0
"KEL4A",,"A",0,0,0,0,0,0,0,0,0,0,100,0,0,0,0,0,0,0,0,0,0,0,0,0,0,0
"KEL4B",850,"B",0,0,0,0,0,0,0,0,0,0,100,0,0,0,0,0,0,0,0,0,0,0,0,0,0,0
"KEL4C",837,"C",0,0,0,0,0,0,0,0,0,0,100,0,0,0,0,0,0,0,0,0,0,0,0,0,0,0
"CEL1A",1980,"A",0,0,0,0,0,0,0,0,0,0,0,0,0,0,0,0,0,0,0,0,0,0,0,0,0,0
"CEL1B",1970,"B",0,0,0,0,0,0,0,0,0,0,0,0,0,0,0,0,0,0,0,0,0,0,0,0,0,0
"CEL1C",1999,"C",0,0,0,0,0,0,0,0,0,0,0,0,0,0,0,0,0,0,0,0,0,0,0,0,0,0
"CEL2A",1765,"A",0,0,0,0,0,0,0,0,0,0,0,0,100,0,0,0,0,0,0,0,0,0,0,0,0,0
"CEL2B",1750,"B",0,0,0,0,0,0,0,0,0,0,0,0,100,0,0,0,0,0,0,0,0,0,0,0,0,0
"CEL2C",1803,"C",0,0,0,0,0,0,0,0,0,0,0,0,100,0,0,0,0,0,0,0,0,0,0,0,0,0
"CEL3A",1483,"A",0,0,0,0,0,0,0,0,0,0,100,0,0,0,0,0,0,0,0,0,0,0,0,0,0,0
"CEL3B",1460,"B",0,0,0,0,0,0,0,0,0,0,95,0,0,5,0,0,0,0,0,0,0,0,0,0,0,0
"CEL3C",1504,"C",0,0,0,0,0,0,0,0,0,0,100,0,0,0,0,0,0,0,0,0,0,0,0,0,0,0
"CEL4A",1160,"A",0,0,0,0,0,25,0,0,0,0,30,0,5,40,0,0,0,0,0,0,0,0,0,0,0,0
"CEL4B",1190,"B",0,0,0,0,0,0,0,0,0,0,100,0,0,0,0,0,0,0,0,0,0,0,0,0,0,0
"CEL4C",1219,"C",0,0,0,0,0,0,0,0,0,0,100,0,0,0,0,0,0,0,0,0,0,0,0,0,0,0
"CEL5A",820,"A",0,0,0,0,0,0,0,0,0,0,100,0,0,0,0,0,0,0,0,0,0,0,0,0,0,0
"CEL5B",830,"B",0,0,0,0,0,5,0,0,0,0,95,0,0,0,0,0,0,0,0,0,0,0,0,0,0,0
"CEL5C",816,"C",0,0,0,0,0,5,0,0,0,0,90,0,0,5,0,0,0,0,0,0,0,0,0,0,0,0
"CEL6A",550,"A",0,0,0,0,0,0,0,0,0,0,70,0,0,30,0,0,0,0,0,0,0,0,0,0,0,0
"CEL6B",550,"B",0,0,0,0,0,0,0,0,0,0,100,0,0,0,0,0,0,0,0,0,0,0,0,0,0,0
"CEL6C",590,"C",0,0,0,0,0,0,0,0,0,0,60,0,0,0,40,0,0,0,0,0,0,0,0,0,0,0
"BEL1A",,"A",0,0,0,0,0,0,0,0,0,0,0,0,0,0,0,0,0,0,0,0,0,0,0,0,0,0
"BEL1B",2030,"B",0,0,0,0,0,0,0,0,0,0,0,0,0,0,0,0,0,0,0,0,0,0,0,0,0,0
"BEL1C",2024,"C",0,0,0,0,0,0,0,0,0,0,0,0,0,0,0,0,0,0,0,0,0,0,0,0,0,0
"BEL2A",,"A",0,0,0,0,0,0,0,0,0,0,100,0,0,0,0,0,0,0,0,0,0,0,0,0,0,0
"BEL2B",1730,"B",0,0,0,0,0,0,0,0,0,0,100,0,0,0,0,0,0,0,0,0,0,0,0,0,0,0
"BEL2C",1715,"C",0,0,0,0,0,0,0,0,0,0,100,0,0,0,0,0,0,0,0,0,0,0,0,0,0,0
"BEL3A",,"A",0,0,0,0,0,0,0,0,0,0,90,0,0,0,0,10,0,0,0,0,0,0,0,0,0,0
"BEL3B",,"B",0,0,0,0,0,0,0,0,0,0,80,0,0,0,0,20,0,0,0,0,0,0,0,0,0,0
"BEL3C",1419,"C",0,0,0,0,0,0,0,0,0,0,30,0,0,0,0,70,0,0,0,0,0,0,0,0,0,0
"PEL1A",1852,"A",0,0,0,0,0,0,0,0,0,0,0,0,0,0,0,0,0,0,0,0,0,0,0,0,0,0
"PEL1B",1851,"B",0,0,0,0,0,0,0,0,0,0,0,0,0,0,0,0,0,0,0,0,0,0,0,0,0,0
"PEL1C",1852,"C",0,0,0,0,0,0,0,0,0,0,0,0,0,0,0,0,0,0,0,0,0,0,0,0,0,0
"PEL2A",1489,"A",0,0,0,0,0,0,0,0,0,0,95,0,0,0,0,5,0,0,0,0,0,0,0,0,0,0
"PEL2B",1520,"B",0,0,0,0,0,0,0,0,0,0,100,0,0,0,0,0,0,0,0,0,0,0,0,0,0,0
"PEL2C",1493,"C",0,0,0,0,0,0,0,0,0,0,100,0,0,0,0,0,0,0,0,0,0,0,0,0,0,0
"PEL3A",1300,"A",0,0,0,0,0,0,0,0,0,0,100,0,0,0,0,0,0,0,0,0,0,0,0,0,0,0
"PEL3B",1240,"B",0,0,0,0,0,0,0,0,0,0,100,0,0,0,0,0,0,0,0,0,0,0,0,0,0,0
"PEL3C",1186,"C",0,0,0,0,0,0,0,0,0,0,100,0,0,0,0,0,0,0,0,0,0,0,0,0,0,0
"VEL1A",1852,"A",0,0,0,0,0,0,0,0,0,0,0,0,0,0,0,0,0,0,0,0,0,0,0,0,0,0
"VEL1B",1852,"B",0,0,0,0,0,0,0,0,0,0,0,0,0,0,0,0,0,0,0,0,0,0,0,0,0,0
"VEL1C",1851,"C",0,0,0,0,0,0,0,0,0,0,0,0,0,0,0,0,0,0,0,0,0,0,0,0,0,0
"VEL2A",1607,"A",0,0,0,0,0,0,0,0,60,0,40,0,0,0,0,0,0,0,0,0,0,0,0,0,0,0
"VEL2B",1599,"B",0,0,0,0,0,0,0,0,10,0,90,0,0,0,0,0,0,0,0,0,0,0,0,0,0,0
"VEL2C",1569,"C",0,0,0,0,0,0,0,0,80,0,10,0,0,10,0,0,0,0,0,0,0,0,0,0,0,0
"VEL3A",1252,"A",0,0,0,0,0,0,0,0,0,0,100,0,0,0,0,0,0,0,0,0,0,0,0,0,0,0
"VEL3B",1252,"B",0,0,0,0,0,0,0,0,0,0,100,0,0,0,0,0,0,0,0,0,0,0,0,0,0,0
"VEL3C",1248,"C",0,0,0,0,0,0,0,0,0,0,100,0,0,0,0,0,0,0,0,0,0,0,0,0,0,0
"VEL4A",955,"A",0,0,0,0,0,0,0,0,50,0,50,0,0,0,0,0,0,0,0,0,0,0,0,0,0,0
"VEL4B",961,"B",0,0,0,0,0,0,0,0,20,0,80,0,0,0,0,0,0,0,0,0,0,0,0,0,0,0
"VEL4C",956,"C",0,0,0,0,0,0,0,0,20,0,80,0,0,0,0,0,0,0,0,0,0,0,0,0,0,0
"FEL1A",1940,"A",0,0,0,0,0,0,0,0,0,0,0,0,0,0,0,0,0,0,0,0,0,0,0,0,0,0
"FEL1B",1940,"B",0,0,0,0,0,0,0,0,0,0,0,0,0,0,0,0,0,0,0,0,0,0,0,0,0,0
"FEL1C",1930,"C",0,0,0,0,0,0,0,0,0,0,0,0,0,0,0,0,0,0,0,0,0,0,0,0,0,0
"FEL2A",1670,"A",0,0,0,0,60,0,0,0,0,0,0,0,0,0,0,40,0,0,0,0,0,0,0,0,0,0
"FEL2B",1670,"B",0,0,5,0,60,0,0,0,0,0,0,0,0,0,0,35,0,0,0,0,0,0,0,0,0,0
"FEL2C",1650,"C",0,0,5,0,5,0,0,0,0,0,0,0,0,0,0,90,0,0,0,0,0,0,0,0,0,0
"FEL3A",1380,"A",0,0,15,0,25,0,0,5,0,0,0,0,0,50,0,5,0,0,0,0,0,0,0,0,0,0
"FEL3B",1350,"B",5,0,8,2,70,0,0,0,0,0,5,0,0,10,0,0,0,0,0,0,0,0,0,0,0,0
"FEL3C",1360,"C",0,0,0,0,75,0,0,2,0,0,0,0,0,15,0,8,0,0,0,0,0,0,0,0,0,0
"FEL4A",1043,"A",0,0,0,0,40,0,0,0,0,0,50,0,0,10,0,0,0,0,0,0,0,0,0,0,0,0
"FEL4B",1044,"B",0,0,0,0,50,0,0,0,0,0,50,0,0,0,0,0,0,0,0,0,0,0,0,0,0,0
"FEL4C",1043,"C",0,0,0,0,40,0,0,0,0,0,40,0,0,0,20,0,0,0,0,0,0,0,0,0,0,0
"FEL5A",753,"A",0,0,0,0,10,0,0,0,0,0,80,0,0,0,0,0,10,0,0,0,0,0,0,0,0,0
"FEL5B",737,"B",0,0,0,0,20,0,0,0,0,0,70,0,0,0,0,0,10,0,0,0,0,0,0,0,0,0
"FEL5C",773,"C",0,0,0,0,30,0,0,0,0,0,60,0,0,0,10,0,0,0,0,0,0,0,0,0,0,0
"FEL6A",500,"A",0,0,0,0,0,0,0,0,0,0,85,0,0,0,0,0,10,5,0,0,0,0,0,0,0,0
"FEL6B",469,"B",0,0,0,0,0,0,0,0,0,0,65,0,0,0,10,0,20,5,0,0,0,0,0,0,0,0
"FEL6C",487,"C",0,0,0,0,0,0,0,0,0,0,75,0,0,0,10,0,10,5,0,0,0,0,0,0,0,0
"TEL1A",1845,"A",0,0,0,0,0,0,0,0,0,0,0,0,0,0,0,0,0,0,0,0,0,0,0,0,0,0
"TEL1B",1829,"B",0,0,0,0,0,0,0,0,0,0,0,0,0,0,0,0,0,0,0,0,0,0,0,0,0,0
"TEL1C",1832,"C",0,0,0,0,0,0,0,0,0,0,0,0,0,0,0,0,0,0,0,0,0,0,0,0,0,0
"TEL2A",1601,"A",0,0,0,0,0,0,0,0,0,0,0,0,35,0,0,0,0,0,65,0,0,0,0,0,0,0
"TEL2B",1597,"B",0,0,0,0,0,0,0,0,0,0,0,0,80,0,0,0,0,0,20,0,0,0,0,0,0,0
"TEL2C",1596,"C",0,0,0,0,0,0,0,0,0,0,0,0,40,0,0,0,0,0,60,0,0,0,0,0,0,0
"TEL3A",1401,"A",0,0,0,0,0,0,0,0,0,0,0,0,80,0,0,0,0,0,20,0,0,0,0,0,0,0
"TEL3B",1405,"B",0,0,0,0,0,0,0,0,0,0,0,0,95,0,0,0,0,0,5,0,0,0,0,0,0,0
"TEL3C",1389,"C",0,0,0,0,0,0,0,0,0,0,0,0,95,0,0,0,0,0,5,0,0,0,0,0,0,0
"TEL4A",1200,"A",0,0,0,0,0,0,0,0,0,0,0,0,20,0,0,0,0,0,80,0,0,0,0,0,0,0
"TEL4B",1198,"B",0,0,0,0,0,0,0,0,0,0,0,0,15,0,0,0,0,0,85,0,0,0,0,0,0,0
"TEL4C",1212,"C",0,0,0,0,0,0,0,0,0,0,0,0,25,0,0,0,0,0,75,0,0,0,0,0,0,0
"TEL5A",1007,"A",0,0,0,0,0,0,0,0,0,0,0,0,55,0,0,0,0,0,45,0,0,0,0,0,0,0
"TEL5B",1003,"B",0,0,0,0,0,0,0,0,0,0,0,0,5,0,0,0,0,0,95,0,0,0,0,0,0,0
"TEL5C",1010,"C",0,0,0,0,0,0,0,0,0,0,0,0,10,0,0,0,0,0,90,0,0,0,0,0,0,0
"TEL6A",823,"A",0,0,0,0,0,0,0,0,0,0,0,0,60,0,0,0,0,0,40,0,0,0,0,0,0,0
"TEL6B",819,"B",0,0,0,0,0,0,0,0,0,0,0,0,20,0,0,0,0,0,80,0,0,0,0,0,0,0
"TEL6C",827,"C",0,0,0,0,0,0,0,0,0,0,0,0,0,0,0,0,0,0,100,0,0,0,0,0,0,0
"MEL1A",1974,"A",0,0,0,0,0,0,0,0,0,0,0,0,0,0,0,0,0,0,0,0,0,0,0,0,0,0
"MEL1B",1980,"B",0,0,0,0,0,0,0,0,0,0,0,0,0,0,0,0,0,0,0,0,0,0,0,0,0,0
"MEL1C",1982,"C",0,0,0,0,0,0,0,0,0,0,0,0,0,0,0,0,0,0,0,0,0,0,0,0,0,0
"MEL2A",1734,"A",0,0,0,0,0,0,0,0,0,0,0,0,0,0,0,0,0,0,0,100,0,0,0,0,0,0
"MEL2B",1729,"B",0,0,0,0,0,0,0,0,0,0,0,0,0,0,0,0,0,0,0,100,0,0,0,0,0,0
"MEL2C",1720,"C",0,0,0,0,0,0,0,0,0,0,0,0,0,0,0,0,0,0,0,95,5,0,0,0,0,0
"MEL3A",1515,"A",0,0,0,0,0,0,0,0,0,0,0,0,0,0,0,0,0,0,0,100,0,0,0,0,0,0
"MEL3B",1515,"B",0,0,0,0,0,0,0,0,0,0,0,0,0,0,0,0,0,0,0,80,20,0,0,0,0,0
"MEL3C",1494,"C",0,0,0,0,0,0,0,0,0,0,0,0,0,0,0,0,0,0,0,80,20,0,0,0,0,0
"SPEL1A",1914,"A",0,0,0,0,0,0,0,0,0,0,0,0,0,0,0,0,0,0,0,0,0,0,0,0,0,0
"SPEL1B",1906,"B",0,0,0,0,0,0,0,0,0,0,0,0,0,0,0,0,0,0,0,0,0,0,0,0,0,0
"SPEL1C",1913,"C",0,0,0,0,0,0,0,0,0,0,0,0,0,0,0,0,0,0,0,0,0,0,0,0,0,0
"SPEL2A",1747,"A",0,0,0,0,0,0,0,0,100,0,0,0,0,0,0,0,0,0,0,0,0,0,0,0,0,0
"SPEL2B",1751,"B",0,0,0,0,0,0,0,0,100,0,0,0,0,0,0,0,0,0,0,0,0,0,0,0,0,0
"SPEL2C",1735,"C",0,0,0,0,0,0,0,0,100,0,0,0,0,0,0,0,0,0,0,0,0,0,0,0,0,0
"SPEL3A",1554,"A",0,0,0,0,0,0,0,0,0,0,0,0,0,0,0,0,0,0,0,0,0,100,0,0,0,0
"SPEL3B",1554,"B",0,0,0,0,0,0,0,0,90,0,0,0,0,0,0,0,0,0,0,0,0,10,0,0,0,0
"SPEL3C",1507,"C",0,0,0,0,0,0,0,0,100,0,0,0,0,0,0,0,0,0,0,0,0,0,0,0,0,0
"SPEL4A",1375,"A",0,0,0,0,0,0,0,0,100,0,0,0,0,0,0,0,0,0,0,0,0,0,0,0,0,0
"SPEL4B",1369,"B",0,0,0,0,0,0,0,0,100,0,0,0,0,0,0,0,0,0,0,0,0,0,0,0,0,0
"SPEL4C",1372,"C",0,0,0,0,0,0,0,0,100,0,0,0,0,0,0,0,0,0,0,0,0,0,0,0,0,0
"SPEL5A",1183,"A",0,0,0,0,0,0,0,0,60,0,0,0,0,0,0,0,0,0,0,0,0,0,40,0,0,0
"SPEL5B",1180,"B",0,0,0,0,0,0,0,0,20,0,0,0,0,0,0,0,0,0,0,0,0,0,10,70,0,0
"SPEL5C",1174,"C",0,0,0,0,0,0,0,0,0,0,0,0,0,0,0,0,0,0,0,0,0,0,100,0,0,0
"SPEL6A",971,"A",0,0,0,0,0,0,0,0,10,0,0,0,0,0,0,0,0,0,0,0,0,0,90,0,0,0
"SPEL6B",962,"B",0,0,0,0,0,0,0,0,90,0,0,0,0,0,0,0,0,0,0,0,0,0,10,0,0,0
"SPEL6C",971,"C",0,0,0,0,0,0,0,0,80,0,5,0,0,0,0,0,0,0,0,0,0,0,15,0,0,0
"TREL1A",1,"A",0,0,0,0,0,0,0,0,0,0,0,0,0,0,0,0,0,0,0,0,0,0,0,0,0,0
"TREL1B",1,"B",0,0,0,0,0,0,0,0,0,0,0,0,0,0,0,0,0,0,0,0,0,0,0,0,0,0
"TREL1C",1,"C",0,0,0,0,0,0,0,0,0,0,0,0,0,0,0,0,0,0,0,0,0,0,0,0,0,0
"TREL2A",2,"A",100,0,0,0,0,0,0,0,0,0,0,0,0,0,0,0,0,0,0,0,0,0,0,0,0,0
"TREL2B",2,"B",100,0,0,0,0,0,0,0,0,0,0,0,0,0,0,0,0,0,0,0,0,0,0,0,0,0
"TREL2C",2,"C",100,0,0,0,0,0,0,0,0,0,0,0,0,0,0,0,0,0,0,0,0,0,0,0,0,0
"TREL3A",3,"A",95,0,5,0,0,0,0,0,0,0,0,0,0,0,0,0,0,0,0,0,0,0,0,0,0,0
"TREL3B",3,"B",100,0,0,0,0,0,0,0,0,0,0,0,0,0,0,0,0,0,0,0,0,0,0,0,0,0
"TREL3C",3,"C",70,0,30,0,0,0,0,0,0,0,0,0,0,0,0,0,0,0,0,0,0,0,0,0,0,0
"JEL1A",1,"A",10,0,0,0,0,0,0,0,0,0,0,0,0,0,0,0,0,0,0,0,0,0,0,0,0,0
"JEL1B",1,"B",0,0,0,0,0,0,0,0,0,0,0,0,0,0,0,0,0,0,0,0,0,0,0,0,0,0
"JEL1С",1,"C",5,0,0,0,0,0,0,0,0,0,0,0,0,0,0,0,0,0,0,0,0,0,0,0,0,0
"JEL2A",2,"A",100,0,0,0,0,0,0,0,0,0,0,0,0,0,0,0,0,0,0,0,0,0,0,0,0,0
"JEL2B",2,"B",100,0,0,0,0,0,0,0,0,0,0,0,0,0,0,0,0,0,0,0,0,0,0,0,0,0
"JEL2C",2,"C",100,0,0,0,0,0,0,0,0,0,0,0,0,0,0,0,0,0,0,0,0,0,0,0,0,0
"JEL3A",3,"A",90,0,10,0,0,0,0,0,0,0,0,0,0,0,0,0,0,0,0,0,0,0,0,0,0,0
"JEL3B",3,"B",100,0,0,0,0,0,0,0,0,0,0,0,0,0,0,0,0,0,0,0,0,0,0,0,0,0
"JEL3C",3,"C",100,0,0,0,0,0,0,0,0,0,0,0,0,0,0,0,0,0,0,0,0,0,0,0,0,0
"JEL4A",4,"A",30,0,0,30,40,0,0,0,0,0,0,0,0,0,0,0,0,0,0,0,0,0,0,0,0,0
"JEL4B",4,"B",10,0,30,40,0,20,0,0,0,0,0,0,0,0,0,0,0,0,0,0,0,0,0,0,0,0
"JEL4C",4,"C",80,0,0,20,0,0,0,0,0,0,0,0,0,0,0,0,0,0,0,0,0,0,0,0,0,0
"GIEL1A",1,"A",0,0,0,0,0,0,0,0,0,0,0,0,0,0,0,0,0,0,0,0,0,0,0,0,0,0
"GIEL1B",1,"B",0,0,0,0,0,0,0,0,0,0,0,0,0,0,0,0,0,0,0,0,0,0,0,0,0,0
"GIEL1C",1,"C",0,0,0,0,0,0,0,0,0,0,0,0,0,0,0,0,0,0,0,0,0,0,0,0,0,0
"GIEL2A",2,"A",100,0,0,0,0,0,0,0,0,0,0,0,0,0,0,0,0,0,0,0,0,0,0,0,0,0
"GIEL2B",2,"B",50,0,0,0,15,0,20,0,15,0,0,0,0,0,0,0,0,0,0,0,0,0,0,0,0,0
"GIEL2C",2,"C",20,0,0,0,10,0,0,0,70,0,0,0,0,0,0,0,0,0,0,0,0,0,0,0,0,0
"GIEL3A",3,"A",20,0,0,0,30,0,0,0,50,0,0,0,0,0,0,0,0,0,0,0,0,0,0,0,0,0
"GIEL3B",3,"B",15,0,0,0,15,0,0,0,70,0,0,0,0,0,0,0,0,0,0,0,0,0,0,0,0,0
"GIEL3C",3,"C",50,0,0,0,25,0,0,0,25,0,0,0,0,0,0,0,0,0,0,0,0,0,0,0,0,0
"VAEL1A",1,"A",0,0,0,0,0,0,0,0,0,0,0,0,0,0,0,0,0,0,0,0,0,0,0,0,0,0
"VAEL1B",1,"B",0,0,0,0,0,0,0,0,0,0,0,0,0,0,0,0,0,0,0,0,0,0,0,0,0,0
"VAEL1C",1,"C",0,0,0,0,0,0,0,0,0,0,0,0,0,0,0,0,0,0,0,0,0,0,0,0,0,0
"VAEL2A",2,"A",70,0,0,0,30,0,0,0,0,0,0,0,0,0,0,0,0,0,0,0,0,0,0,0,0,0
"VAEL2B",2,"B",60,0,0,0,40,0,0,0,0,0,0,0,0,0,0,0,0,0,0,0,0,0,0,0,0,0
"VAEL2C",2,"C",30,0,0,0,70,0,0,0,0,0,0,0,0,0,0,0,0,0,0,0,0,0,0,0,0,0
"VAEL3A",3,"A",50,0,20,0,30,0,0,0,0,0,0,0,0,0,0,0,0,0,0,0,0,0,0,0,0,0
"VAEL3B",3,"B",30,0,0,0,70,0,0,0,0,0,0,0,0,0,0,0,0,0,0,0,0,0,0,0,0,0
"VAEL3C",3,"C",0,0,0,0,100,0,0,0,0,0,0,0,0,0,0,0,0,0,0,0,0,0,0,0,0,0
"IEL1A",301,"A",0,0,0,0,0,0,0,0,0,0,0,0,0,0,0,0,0,0,0,0,0,0,0,0,0,0
"IEL1B",313,"B",0,0,0,0,0,0,0,0,0,0,0,0,0,0,0,0,0,0,0,0,0,0,0,0,0,0
"IEL1C",308,"C",0,0,0,0,0,0,0,0,0,0,0,0,0,0,0,0,0,0,0,0,0,0,0,0,0,0
"IEL2A",250,"A",0,100,0,0,0,0,0,0,0,0,0,0,0,0,0,0,0,0,0,0,0,0,0,0,0,0
"IEL2B",245,"B",0,90,0,0,0,0,0,0,0,10,0,0,0,0,0,0,0,0,0,0,0,0,0,0,0,0
"IEL2C",246,"C",0,95,0,0,0,0,0,0,0,5,0,0,0,0,0,0,0,0,0,0,0,0,0,0,0,0
"IEL3A",110,"A",0,100,0,0,0,0,0,0,0,0,0,0,0,0,0,0,0,0,0,0,0,0,0,0,0,0
"IEL3B",115,"B",0,90,0,0,0,0,0,0,0,10,0,0,0,0,0,0,0,0,0,0,0,0,0,0,0,0
"IEL3C",109,"C",0,90,0,0,0,0,0,0,0,10,0,0,0,0,0,0,0,0,0,0,0,0,0,0,0,0
"SKEL1A",1392,"A",0,0,0,0,0,0,0,0,0,0,0,0,0,0,0,0,0,0,0,0,0,0,0,0,0,0
"SKEL1B",1394,"B",0,0,0,0,0,0,0,0,0,0,0,0,0,0,0,0,0,0,0,0,0,0,0,0,0,0
"SKEL1C",1390,"C",0,0,0,0,0,0,0,0,0,0,0,0,0,0,0,0,0,0,0,0,0,0,0,0,0,0
"SKEL2A",1210,"A",0,0,0,0,0,0,0,0,0,0,100,0,0,0,0,0,0,0,0,0,0,0,0,0,0,0
"SKEL2B",1190,"B",0,0,0,0,0,0,0,0,0,0,100,0,0,0,0,0,0,0,0,0,0,0,0,0,0,0
"SKEL2C",1200,"C",0,0,0,0,0,0,0,0,0,0,100,0,0,0,0,0,0,0,0,0,0,0,0,0,0,0
"SKEL3A",1015,"A",0,0,0,0,0,0,0,0,0,0,100,0,0,0,0,0,0,0,0,0,0,0,0,0,0,0
"SKEL3B",1028,"B",0,0,0,0,0,0,0,0,0,0,100,0,0,0,0,0,0,0,0,0,0,0,0,0,0,0
"SKEL3C",1028,"C",0,0,0,0,0,0,0,0,0,0,80,0,0,0,0,20,0,0,0,0,0,0,0,0,0,0
"SKEL4A",780,"A",0,0,0,0,15,0,0,0,0,0,80,0,0,0,0,5,0,0,0,0,0,0,0,0,0,0
"SKEL4B",781,"B",0,0,0,0,10,0,0,0,0,0,90,0,0,0,0,0,0,0,0,0,0,0,0,0,0,0
"SKEL4C",778,"C",0,0,0,0,15,0,0,0,0,0,70,0,0,0,0,15,0,0,0,0,0,0,0,0,0,0
"DAEL1A",2070,"A",0,0,0,0,0,0,0,0,0,0,0,0,0,0,0,0,0,0,0,0,0,0,0,0,0,0
"DAEL1B",2070,"B",0,0,0,0,0,0,0,0,0,0,0,0,0,0,0,0,0,0,0,0,0,0,0,0,0,0
"DAEL1C",2070,"C",0,0,0,0,0,0,0,0,0,0,0,0,0,0,0,0,0,0,0,0,0,0,0,0,0,0
"DAEL2A",1730,"A",0,0,0,0,0,0,0,0,0,0,0,0,0,0,0,0,0,0,0,0,0,0,0,0,30,70
"DAEL2B",1700,"B",0,0,0,0,0,0,5,0,0,0,0,0,0,0,0,0,0,0,0,0,0,0,0,0,5,90
"DAEL2C",1700,"C",0,0,0,0,0,0,0,0,0,0,0,0,0,0,0,0,0,0,0,0,0,0,0,0,30,70
"DAEL3A",1440,"A",0,0,0,0,30,0,0,0,0,0,0,0,0,0,0,0,0,0,0,0,0,0,0,0,70,0
"DAEL3B",1440,"B",0,0,0,0,50,0,0,0,0,0,0,0,0,0,0,0,0,0,0,0,0,0,0,0,50,0
"DAEL3C",1440,"C",0,0,0,0,40,0,0,0,0,0,0,0,0,0,0,0,0,0,0,0,0,0,0,0,60,0
"DAEL4A",1280,"A",0,0,0,0,80,0,0,0,0,0,20,0,0,0,0,0,0,0,0,0,0,0,0,0,0,0
"DAEL4B",1290,"B",0,0,0,0,80,0,0,0,0,0,20,0,0,0,0,0,0,0,0,0,0,0,0,0,0,0
"DAEL4C",1290,"C",0,0,0,0,100,0,0,0,0,0,0,0,0,0,0,0,0,0,0,0,0,0,0,0,0,0
"DAEL5A",890,"A",0,0,0,0,20,0,0,0,0,0,80,0,0,0,0,0,0,0,0,0,0,0,0,0,0,0
"DAEL5B",900,"B",0,0,0,0,20,0,0,0,0,0,80,0,0,0,0,0,0,0,0,0,0,0,0,0,0,0
"DAEL5C",900,"C",0,0,0,0,20,0,0,0,0,0,80,0,0,0,0,0,0,0,0,0,0,0,0,0,0,0
"DAEL6A",600,"A",0,0,0,0,10,0,0,0,0,0,40,0,0,0,0,0,0,0,0,0,0,0,0,0,50,0
"DAEL6B",600,"B",0,0,0,0,50,0,0,0,0,0,50,0,0,0,0,0,0,0,0,0,0,0,0,0,0,0
"DAEL6C",590,"C",0,0,0,0,20,0,0,0,0,0,80,0,0,0,0,0,0,0,0,0,0,0,0,0,0,0
"HEL1A",1129,"A",0,0,0,0,0,0,0,0,0,0,0,0,0,0,0,0,0,0,0,0,0,0,0,0,0,0
"HEL1B",1126,"B",0,0,0,0,0,0,0,0,0,0,0,0,0,0,0,0,0,0,0,0,0,0,0,0,0,0
"HEL1C",1128,"C",0,0,0,0,0,0,0,0,0,0,0,0,0,0,0,0,0,0,0,0,0,0,0,0,0,0
"HEL2A",842,"A",0,0,0,0,100,0,0,0,0,0,0,0,0,0,0,0,0,0,0,0,0,0,0,0,0,0
"HEL2B",834,"B",0,0,0,0,100,0,0,0,0,0,0,0,0,0,0,0,0,0,0,0,0,0,0,0,0,0
"HEL2C",819,"C",0,0,0,0,100,0,0,0,0,0,0,0,0,0,0,0,0,0,0,0,0,0,0,0,0,0
"HEL3A",668,"A",0,0,0,0,100,0,0,0,0,0,0,0,0,0,0,0,0,0,0,0,0,0,0,0,0,0
"HEL3B",672,"B",0,0,0,0,100,0,0,0,0,0,0,0,0,0,0,0,0,0,0,0,0,0,0,0,0,0
"HEL3C",677,"C",0,0,0,0,100,0,0,0,0,0,0,0,0,0,0,0,0,0,0,0,0,0,0,0,0,0
